Doktor,Spesifik Uzmanlık alanı
AHMET KOCABIYIK, Erişkin Kalça‑Diz Hastalıkları ve Eklem Protez Cerrahisi
AHMET MUTLU VURAL, Erişkin Kalça‑Diz Hastalıkları ve Eklem Protez Cerrahisi
ALPER KÖKSAL, Erişkin Kalça‑Diz Hastalıkları ve Eklem Protez Cerrahisi
BARIŞ ÇAYPINAR, Erişkin Kalça‑Diz Hastalıkları ve Eklem Protez Cerrahisi
BARIŞ ÖZKUL, Erişkin Kalça‑Diz Hastalıkları ve Eklem Protez Cerrahisi
DENİZ KARGIN, Erişkin Kalça‑Diz Hastalıkları ve Eklem Protez Cerrahisi
FERDİ DIRVAR, Erişkin Kalça‑Diz Hastalıkları ve Eklem Protez Cerrahisi
MEHMET AKİF KAYGUSUZ, Erişkin Kalça‑Diz Hastalıkları ve Eklem Protez Cerrahisi
MUHAMMED MERT, Erişkin Kalça‑Diz Hastalıkları ve Eklem Protez Cerrahisi
MUHAMMED SARIKAYA, Erişkin Kalça‑Diz Hastalıkları ve Eklem Protez Cerrahisi
MURAT ÖNDER, Erişkin Kalça‑Diz Hastalıkları ve Eklem Protez Cerrahisi
MUSTAFA BUĞRA AYAZ, Erişkin Kalça‑Diz Hastalıkları ve Eklem Protez Cerrahisi
OSMAN ÇİMEN, Erişkin Kalça‑Diz Hastalıkları ve Eklem Protez Cerrahisi
AHMET FIRAT BERKAY,Artroskopi ve Spor Cer. Omuz Hastalık
BÜLENT KARSLIOĞLU,Artroskopi ve Spor Cer. Omuz Hastalık
KADİR İLKER YILDIZ,Artroskopi ve Spor Cer. Omuz Hastalık
KUTALMIŞ ALBAYRAK,Artroskopi ve Spor Cer. Omuz Hastalık
MUSTAFA SERPİ,Artroskopi ve Spor Cer. Omuz Hastalık
ULAŞ YAVUZ,Artroskopi ve Spor Cer. Omuz Hastalık
GÖKHAN PEHLİVANOĞLU,Artroskopi ve Spor Cer. Omuz Hastalık
MEHMET ÖZBEY BÜYÜKKUŞCU,Artroskopi ve Spor Cer. Omuz Hastalık
AHMET KESKİN,Çocuk Ortopedisi ve Deformite Cerrahisi
AVNİ İLHAN BAYHAN,Çocuk Ortopedisi ve Deformite Cerrahisi
MUHAMMED BİLAL KÜRK,Çocuk Ortopedisi ve Deformite Cerrahisi
YASİN GÜLER,Çocuk Ortopedisi ve Deformite Cerrahisi
GÖKHAN PEHLİVANOĞLU,"Diz, Menisküs bağ ve kıkırdak Yaralanmaları Eklem Protezi Cerrahisi"
MEHMET ÖZBEY BÜYÜKKUŞCU,"Diz, Menisküs bağ ve kıkırdak Yaralanmaları Eklem Protezi Cerrahisi"
AHMET FIRAT BERKAY,"Diz, Menisküs bağ ve kıkırdak Yaralanmaları Eklem Protezi Cerrahisi"
KADİR İLKER YILDIZ,"Diz, Menisküs bağ ve kıkırdak Yaralanmaları Eklem Protezi Cerrahisi"
MUSTAFA SERPİ,"Diz, Menisküs bağ ve kıkırdak Yaralanmaları Eklem Protezi Cerrahisi"
RAMADAN ÖKE,"Diz, Menisküs bağ ve kıkırdak Yaralanmaları Eklem Protezi Cerrahisi"
ULAŞ YAVUZ,"Diz, Menisküs bağ ve kıkırdak Yaralanmaları Eklem Protezi Cerrahisi"
AHMET KOCABIYIK,"Kemik Eğriliği, Boy Uzatma ve Deformite"
BARIŞ ÖZKUL,"Kemik Eğriliği, Boy Uzatma ve Deformite"
OSMAN NURİ ÖZYALVAÇ,"Kemik Eğriliği, Boy Uzatma ve Deformite"
NİYAZİ İĞDE,Kemik Kisti Hastalıkları
OSMAN EMRE AYCAN,Kemik Kisti Hastalıkları
ALİ ÖNER,Omurga Cerrahisi
ASIM BÜLENT PAŞA,Omurga Cerrahisi
BARIŞ ÇAYPINAR,Omurga Cerrahisi
DENİZ KARGIN,Omurga Cerrahisi
NİYAZİ İĞDE,Tümör Kemik ve Yumuşak Doku Tümörleri
OSMAN EMRE AYCAN,Tümör Kemik ve Yumuşak Doku Tümörleri
BERKAY DOĞAN,
